jato_make,jato_model,carexpert_make,carexpert_model,url,match_status
"ALPINA","B3","bmw-alpina","b3","https://www.carexpert.com.au/bmw-alpina/b3","MATCHED"
"ALPINA","B4","bmw-alpina","b4","https://www.carexpert.com.au/bmw-alpina/b4","MATCHED"
"ALPINA","XB7","","","","UNMATCHED"
"Abarth","500","abarth","500e","https://www.carexpert.com.au/abarth/500e","MATCHED"
"Abarth","695","abarth","695","https://www.carexpert.com.au/abarth/695","MATCHED"
"Alfa Romeo","Giulia","alfa-romeo","giulia","https://www.carexpert.com.au/alfa-romeo/giulia","MATCHED"
"Alfa Romeo","Junior","alfa-romeo","junior","https://www.carexpert.com.au/alfa-romeo/junior","MATCHED"
"Alfa Romeo","Stelvio","alfa-romeo","stelvio","https://www.carexpert.com.au/alfa-romeo/stelvio","MATCHED"
"Alfa Romeo","Tonale","alfa-romeo","tonale","https://www.carexpert.com.au/alfa-romeo/tonale","MATCHED"
"Asiastar","Eurise D11","","","","UNMATCHED"
"Aston Martin","DB11","aston-martin","db11","https://www.carexpert.com.au/aston-martin/db11","MATCHED"
"Aston Martin","DB12","aston-martin","db12","https://www.carexpert.com.au/aston-martin/db12","MATCHED"
"Aston Martin","DBS","aston-martin","dbs","https://www.carexpert.com.au/aston-martin/dbs","MATCHED"
"Aston Martin","DBX","aston-martin","dbx","https://www.carexpert.com.au/aston-martin/dbx","MATCHED"
"Aston Martin","Vanquish","aston-martin","vanquish","https://www.carexpert.com.au/aston-martin/vanquish","MATCHED"
"Aston Martin","Vantage","aston-martin","vantage","https://www.carexpert.com.au/aston-martin/vantage","MATCHED"
"Audi","A1","audi","a1","https://www.carexpert.com.au/audi/a1","MATCHED"
"Audi","A3","audi","a3","https://www.carexpert.com.au/audi/a3","MATCHED"
"Audi","A5","audi","a5","https://www.carexpert.com.au/audi/a5","MATCHED"
"Audi","A6","audi","a6","https://www.carexpert.com.au/audi/a6","MATCHED"
"Audi","E-Tron GT","audi","e-tron-gt","https://www.carexpert.com.au/audi/e-tron-gt","MATCHED"
"Audi","Q2","audi","q2","https://www.carexpert.com.au/audi/q2","MATCHED"
"Audi","Q3","audi","q3","https://www.carexpert.com.au/audi/q3","MATCHED"
"Audi","Q3 Sportback","audi","q3","https://www.carexpert.com.au/audi/q3","MATCHED"
"Audi","Q4 E-Tron","audi","q4-e-tron","https://www.carexpert.com.au/audi/q4-e-tron","MATCHED"
"Audi","Q4 Sportback E-Tron","audi","q4-e-tron","https://www.carexpert.com.au/audi/q4-e-tron","MATCHED"
"Audi","Q5","audi","q5","https://www.carexpert.com.au/audi/q5","MATCHED"
"Audi","Q5 Sportback","audi","q5","https://www.carexpert.com.au/audi/q5","MATCHED"
"Audi","Q6 E-Tron","audi","q6-e-tron","https://www.carexpert.com.au/audi/q6-e-tron","MATCHED"
"Audi","Q7","audi","q7","https://www.carexpert.com.au/audi/q7","MATCHED"
"Audi","Q8","audi","q8","https://www.carexpert.com.au/audi/q8","MATCHED"
"Audi","Q8 E-Tron","audi","q8-e-tron","https://www.carexpert.com.au/audi/q8-e-tron","MATCHED"
"Audi","Q8 Sportback E-Tron","audi","q8","https://www.carexpert.com.au/audi/q8","MATCHED"
"Audi","RS3","audi","rs3","https://www.carexpert.com.au/audi/rs3","MATCHED"
"Audi","RS6","audi","rs6","https://www.carexpert.com.au/audi/rs6","MATCHED"
"Audi","RS7","audi","rs7","https://www.carexpert.com.au/audi/rs7","MATCHED"
"Audi","S3","audi","s3","https://www.carexpert.com.au/audi/s3","MATCHED"
"Audi","S5","audi","s5","https://www.carexpert.com.au/audi/s5","MATCHED"
"Audi","SQ2","audi","sq2","https://www.carexpert.com.au/audi/sq2","MATCHED"
"Audi","SQ5","audi","sq5","https://www.carexpert.com.au/audi/sq5","MATCHED"
"Audi","SQ5 Sportback","audi","sq5","https://www.carexpert.com.au/audi/sq5","MATCHED"
"Audi","SQ7","audi","sq7","https://www.carexpert.com.au/audi/sq7","MATCHED"
"Audi","SQ8","audi","sq8","https://www.carexpert.com.au/audi/sq8","MATCHED"
"Audi","SQ8 E-Tron","audi","sq8-e-tron","https://www.carexpert.com.au/audi/sq8-e-tron","MATCHED"
"Audi","SQ8 Sportback E-Tron","audi","sq8","https://www.carexpert.com.au/audi/sq8","MATCHED"
"BMW","1 Series","bmw","1","https://www.carexpert.com.au/bmw/1","MATCHED"
"BMW","2 Series Coupe","bmw","2","https://www.carexpert.com.au/bmw/2","MATCHED"
"BMW","2 Series Gran Coupe","bmw","2","https://www.carexpert.com.au/bmw/2","MATCHED"
"BMW","3 Series","bmw","3","https://www.carexpert.com.au/bmw/3","MATCHED"
"BMW","3 Series Sedan","bmw","3","https://www.carexpert.com.au/bmw/3","MATCHED"
"BMW","3 Series Touring","bmw","3","https://www.carexpert.com.au/bmw/3","MATCHED"
"BMW","4 Series Convertible","bmw","4","https://www.carexpert.com.au/bmw/4","MATCHED"
"BMW","4 Series Coupe","bmw","4","https://www.carexpert.com.au/bmw/4","MATCHED"
"BMW","4 Series Gran Coupe","bmw","4","https://www.carexpert.com.au/bmw/4","MATCHED"
"BMW","5 Series","bmw","5","https://www.carexpert.com.au/bmw/5","MATCHED"
"BMW","7 Series","bmw","7","https://www.carexpert.com.au/bmw/7","MATCHED"
"BMW","8 Series Convertible","bmw","8","https://www.carexpert.com.au/bmw/8","MATCHED"
"BMW","8 Series Coupe","bmw","8","https://www.carexpert.com.au/bmw/8","MATCHED"
"BMW","8 Series Gran Coupe","bmw","8","https://www.carexpert.com.au/bmw/8","MATCHED"
"BMW","X1","bmw","x1","https://www.carexpert.com.au/bmw/x1","MATCHED"
"BMW","X2","bmw","x2","https://www.carexpert.com.au/bmw/x2","MATCHED"
"BMW","X3","bmw","x3","https://www.carexpert.com.au/bmw/x3","MATCHED"
"BMW","X4","bmw","x4","https://www.carexpert.com.au/bmw/x4","MATCHED"
"BMW","X5","bmw","x5","https://www.carexpert.com.au/bmw/x5","MATCHED"
"BMW","X6","bmw","x6","https://www.carexpert.com.au/bmw/x6","MATCHED"
"BMW","X7","bmw","x7","https://www.carexpert.com.au/bmw/x7","MATCHED"
"BMW","XM","bmw","xm","https://www.carexpert.com.au/bmw/xm","MATCHED"
"BMW","Z4","bmw","z4","https://www.carexpert.com.au/bmw/z4","MATCHED"
"BMW","i4 Gran Coupe","bmw","i4","https://www.carexpert.com.au/bmw/i4","MATCHED"
"BMW","i5","bmw","i5","https://www.carexpert.com.au/bmw/i5","MATCHED"
"BMW","i7","bmw","i7","https://www.carexpert.com.au/bmw/i7","MATCHED"
"BMW","iX","bmw","ix","https://www.carexpert.com.au/bmw/ix","MATCHED"
"BMW","iX1","bmw","ix1","https://www.carexpert.com.au/bmw/ix1","MATCHED"
"BMW","iX2","bmw","ix2","https://www.carexpert.com.au/bmw/ix2","MATCHED"
"BMW","iX3","bmw","ix3","https://www.carexpert.com.au/bmw/ix3","MATCHED"
"BYD","Atto 3","byd","atto-3","https://www.carexpert.com.au/byd/atto-3","MATCHED"
"BYD","Dolphin","byd","dolphin","https://www.carexpert.com.au/byd/dolphin","MATCHED"
"BYD","Seal","byd","seal","https://www.carexpert.com.au/byd/seal","MATCHED"
"BYD","Sealion 6","byd","sealion-6","https://www.carexpert.com.au/byd/sealion-6","MATCHED"
"BYD","Sealion 7","byd","sealion-7","https://www.carexpert.com.au/byd/sealion-7","MATCHED"
"BYD","Shark 6","byd","shark","https://www.carexpert.com.au/byd/shark","MATCHED"
"Bentley","Bentayga","bentley","bentayga","https://www.carexpert.com.au/bentley/bentayga","MATCHED"
"Bentley","Continental GT","bentley","continental","https://www.carexpert.com.au/bentley/continental","MATCHED"
"Bentley","Flying Spur","bentley","flying-spur","https://www.carexpert.com.au/bentley/flying-spur","MATCHED"
"CUPRA","Ateca","cupra","ateca","https://www.carexpert.com.au/cupra/ateca","MATCHED"
"CUPRA","Born","cupra","born","https://www.carexpert.com.au/cupra/born","MATCHED"
"CUPRA","Formentor","cupra","formentor","https://www.carexpert.com.au/cupra/formentor","MATCHED"
"CUPRA","Leon","cupra","leon","https://www.carexpert.com.au/cupra/leon","MATCHED"
"Cadillac","Lyriq","cadillac","lyriq","https://www.carexpert.com.au/cadillac/lyriq","MATCHED"
"Chery","C5","chery","c5","https://www.carexpert.com.au/chery/c5","MATCHED"
"Chery","E5","chery","e5","https://www.carexpert.com.au/chery/e5","MATCHED"
"Chery","Tiggo 4","chery","tiggo-4-pro","https://www.carexpert.com.au/chery/tiggo-4-pro","MATCHED"
"Chery","Tiggo 7","chery","tiggo-4-pro","https://www.carexpert.com.au/chery/tiggo-4-pro","MATCHED"
"Chery","Tiggo 7 Pro","chery","tiggo-7-pro","https://www.carexpert.com.au/chery/tiggo-7-pro","MATCHED"
"Chery","Tiggo 8","chery","tiggo-4-pro","https://www.carexpert.com.au/chery/tiggo-4-pro","MATCHED"
"Chery","Tiggo 8 Pro Max","chery","tiggo-4-pro","https://www.carexpert.com.au/chery/tiggo-4-pro","MATCHED"
"Chevrolet","Corvette","chevrolet","corvette","https://www.carexpert.com.au/chevrolet/corvette","MATCHED"
"Chevrolet","Silverado 1500","chevrolet","silverado","https://www.carexpert.com.au/chevrolet/silverado","MATCHED"
"Chevrolet","Silverado 2500HD","chevrolet","silverado","https://www.carexpert.com.au/chevrolet/silverado","MATCHED"
"Citroen","C3","citroen","c3-aircross","https://www.carexpert.com.au/citroen/c3-aircross","MATCHED"
"Citroen","C4","","","","UNMATCHED"
"Citroen","C5 Aircross","citroen","c5-aircross","https://www.carexpert.com.au/citroen/c5-aircross","MATCHED"
"Citroen","C5 X","citroen","c5-x","https://www.carexpert.com.au/citroen/c5-x","MATCHED"
"Cupra","Tavascan","cupra","tavascan","https://www.carexpert.com.au/cupra/tavascan","MATCHED"
"Cupra","Terramar","cupra","terramar","https://www.carexpert.com.au/cupra/terramar","MATCHED"
"Deepal","E07","deepal","e07","https://www.carexpert.com.au/deepal/e07","MATCHED"
"Deepal","S07","deepal","s07","https://www.carexpert.com.au/deepal/s07","MATCHED"
"FIAT","500","fiat","500","https://www.carexpert.com.au/fiat/500","MATCHED"
"FIAT","500e","fiat","500e","https://www.carexpert.com.au/fiat/500e","MATCHED"
"FIAT","Ducato","fiat","ducato","https://www.carexpert.com.au/fiat/ducato","MATCHED"
"Farizon","Supervan","","","","UNMATCHED"
"Ferrari","12Cilindri","ferrari","12cilindri","https://www.carexpert.com.au/ferrari/12cilindri","MATCHED"
"Ferrari","296","ferrari","296","https://www.carexpert.com.au/ferrari/296","MATCHED"
"Ferrari","Purosangue","ferrari","purosangue","https://www.carexpert.com.au/ferrari/purosangue","MATCHED"
"Ferrari","SF90","ferrari","sf90","https://www.carexpert.com.au/ferrari/sf90","MATCHED"
"Ford","E-Transit","ford","ecosport","https://www.carexpert.com.au/ford/ecosport","MATCHED"
"Ford","Everest","ford","everest","https://www.carexpert.com.au/ford/everest","MATCHED"
"Ford","F-150","ford","f-150","https://www.carexpert.com.au/ford/f-150","MATCHED"
"Ford","Mustang","ford","mustang","https://www.carexpert.com.au/ford/mustang","MATCHED"
"Ford","Mustang Mach-e","ford","mustang-mach-e","https://www.carexpert.com.au/ford/mustang-mach-e","MATCHED"
"Ford","Ranger","ford","ranger","https://www.carexpert.com.au/ford/ranger","MATCHED"
"Ford","Tourneo","ford","tourneo","https://www.carexpert.com.au/ford/tourneo","MATCHED"
"Ford","Transit","ford","transit","https://www.carexpert.com.au/ford/transit","MATCHED"
"Ford","Transit Custom","ford","transit-custom","https://www.carexpert.com.au/ford/transit-custom","MATCHED"
"Foton","Aumark S","","","","UNMATCHED"
"Foton","T5","","","","UNMATCHED"
"Foton","Tunland","foton","tunland","https://www.carexpert.com.au/foton/tunland","MATCHED"
"Fuso","Canter","","","","UNMATCHED"
"Fuso","eCanter","","","","UNMATCHED"
"GMC","Yukon","gmc","yukon","https://www.carexpert.com.au/gmc/yukon","MATCHED"
"GWM","Cannon","gwm","cannon-alpha","https://www.carexpert.com.au/gwm/cannon-alpha","MATCHED"
"GWM","Cannon Alpha","gwm","cannon-alpha","https://www.carexpert.com.au/gwm/cannon-alpha","MATCHED"
"GWM","Haval H6","gwm","h6","https://www.carexpert.com.au/gwm/h6","MATCHED"
"GWM","Haval H6GT","gwm","h6","https://www.carexpert.com.au/gwm/h6","UNMATCHED"
"GWM","Haval H7","gwm","h7","https://www.carexpert.com.au/gwm/h7","MATCHED"
"GWM","Haval Jolion","gwm","jolion","https://www.carexpert.com.au/gwm/jolion","MATCHED"
"GWM","Ora","gwm","ora","https://www.carexpert.com.au/gwm/ora","MATCHED"
"GWM","TANK 300","gwm","tank-300","https://www.carexpert.com.au/gwm/tank-300","MATCHED"
"GWM","TANK 500","gwm","tank-500","https://www.carexpert.com.au/gwm/tank-500","MATCHED"
"GWM","Ute","gwm","ute","https://www.carexpert.com.au/gwm/ute","MATCHED"
"Geely","EX5","geely","ex5","https://www.carexpert.com.au/geely/ex5","MATCHED"
"Genesis","Electrified G80","genesis","g80","https://www.carexpert.com.au/genesis/g80","UNMATCHED"
"Genesis","Electrified GV70","genesis","gv70","https://www.carexpert.com.au/genesis/gv70","UNMATCHED"
"Genesis","G70","genesis","g70","https://www.carexpert.com.au/genesis/g70","MATCHED"
"Genesis","G70 Shooting Brake","genesis","g70","https://www.carexpert.com.au/genesis/g70","MATCHED"
"Genesis","G80","genesis","g80","https://www.carexpert.com.au/genesis/g80","MATCHED"
"Genesis","GV60","genesis","gv60","https://www.carexpert.com.au/genesis/gv60","MATCHED"
"Genesis","GV70","genesis","gv70","https://www.carexpert.com.au/genesis/gv70","MATCHED"
"Genesis","GV80","genesis","gv80","https://www.carexpert.com.au/genesis/gv80","MATCHED"
"Genesis","GV80 Coupe","genesis","gv80","https://www.carexpert.com.au/genesis/gv80","MATCHED"
"Hino","300 Series","","","","UNMATCHED"
"Honda","Accord","honda","accord","https://www.carexpert.com.au/honda/accord","MATCHED"
"Honda","CR-V","honda","cr-v","https://www.carexpert.com.au/honda/cr-v","MATCHED"
"Honda","Civic Hatch","honda","civic","https://www.carexpert.com.au/honda/civic","MATCHED"
"Honda","HR-V","honda","hr-v","https://www.carexpert.com.au/honda/hr-v","MATCHED"
"Honda","ZR-V","honda","zr-v","https://www.carexpert.com.au/honda/zr-v","MATCHED"
"Hyundai","IONIQ 5","hyundai","ioniq-5","https://www.carexpert.com.au/hyundai/ioniq-5","MATCHED"
"Hyundai","IONIQ 6","hyundai","ioniq-6","https://www.carexpert.com.au/hyundai/ioniq-6","MATCHED"
"Hyundai","IONIQ 9","hyundai","ioniq-9","https://www.carexpert.com.au/hyundai/ioniq-9","MATCHED"
"Hyundai","Inster","hyundai","inster","https://www.carexpert.com.au/hyundai/inster","MATCHED"
"Hyundai","Kona","hyundai","kona","https://www.carexpert.com.au/hyundai/kona","MATCHED"
"Hyundai","Kona Electric","hyundai","kona","https://www.carexpert.com.au/hyundai/kona","MATCHED"
"Hyundai","Mighty Electric","","","","UNMATCHED"
"Hyundai","Nexo","hyundai","nexo","https://www.carexpert.com.au/hyundai/nexo","MATCHED"
"Hyundai","Palisade","hyundai","palisade","https://www.carexpert.com.au/hyundai/palisade","MATCHED"
"Hyundai","Santa Fe","hyundai","santa-fe","https://www.carexpert.com.au/hyundai/santa-fe","MATCHED"
"Hyundai","Sonata","hyundai","sonata","https://www.carexpert.com.au/hyundai/sonata","MATCHED"
"Hyundai","Staria","hyundai","staria","https://www.carexpert.com.au/hyundai/staria","MATCHED"
"Hyundai","Staria Load","hyundai","staria-load","https://www.carexpert.com.au/hyundai/staria-load","MATCHED"
"Hyundai","Tucson","hyundai","tucson","https://www.carexpert.com.au/hyundai/tucson","MATCHED"
"Hyundai","Venue","hyundai","venue","https://www.carexpert.com.au/hyundai/venue","MATCHED"
"Hyundai","i20 N","hyundai","i20","https://www.carexpert.com.au/hyundai/i20","MATCHED"
"Hyundai","i30 Hatch","hyundai","i30","https://www.carexpert.com.au/hyundai/i30","MATCHED"
"Hyundai","i30 N Hatch","hyundai","i30","https://www.carexpert.com.au/hyundai/i30","MATCHED"
"Hyundai","i30 N Sedan","hyundai","i30","https://www.carexpert.com.au/hyundai/i30","MATCHED"
"Hyundai","i30 Sedan","hyundai","i30","https://www.carexpert.com.au/hyundai/i30","MATCHED"
"IM Presented by MG Motor","IM5","mg","im5","https://www.carexpert.com.au/mg/im5","MATCHED"
"IM Presented by MG Motor","IM6","mg","im6","https://www.carexpert.com.au/mg/im6","MATCHED"
"Ineos","Grenadier","ineos","grenadier","https://www.carexpert.com.au/ineos/grenadier","MATCHED"
"Isuzu Ute","D-MAX","isuzu","d-max","https://www.carexpert.com.au/isuzu/d-max","MATCHED"
"Isuzu Ute","MU-X","isuzu","mu-x","https://www.carexpert.com.au/isuzu/mu-x","MATCHED"
"Isuzu","N-Series","","","","UNMATCHED"
"Iveco","Daily","iveco","daily","https://www.carexpert.com.au/iveco/daily","MATCHED"
"JAC","N55","","","","UNMATCHED"
"JAC","T9 Ute","jac","t9","https://www.carexpert.com.au/jac/t9","MATCHED"
"Jaecoo","J7","jaecoo","j7","https://www.carexpert.com.au/jaecoo/j7","MATCHED"
"Jaecoo","J8","jaecoo","j8","https://www.carexpert.com.au/jaecoo/j8","MATCHED"
"Jaguar","E-Pace","jaguar","e-pace","https://www.carexpert.com.au/jaguar/e-pace","MATCHED"
"Jaguar","F-Pace","jaguar","f-pace","https://www.carexpert.com.au/jaguar/f-pace","MATCHED"
"Jaguar","F-Type","jaguar","f-type","https://www.carexpert.com.au/jaguar/f-type","MATCHED"
"Jaguar","I-Pace","jaguar","i-pace","https://www.carexpert.com.au/jaguar/i-pace","MATCHED"
"Jaguar","XE","jaguar","xe","https://www.carexpert.com.au/jaguar/xe","MATCHED"
"Jaguar","XF","jaguar","xf","https://www.carexpert.com.au/jaguar/xf","MATCHED"
"Jeep","Avenger","jeep","avenger","https://www.carexpert.com.au/jeep/avenger","MATCHED"
"Jeep","Compass","jeep","compass","https://www.carexpert.com.au/jeep/compass","MATCHED"
"Jeep","Gladiator","jeep","gladiator","https://www.carexpert.com.au/jeep/gladiator","MATCHED"
"Jeep","Grand Cherokee","jeep","grand-cherokee","https://www.carexpert.com.au/jeep/grand-cherokee","MATCHED"
"Jeep","Wrangler","jeep","wrangler","https://www.carexpert.com.au/jeep/wrangler","MATCHED"
"Joylong","EA6","","","","UNMATCHED"
"KGM SsangYong","Korando","kgm","korando","https://www.carexpert.com.au/kgm/korando","MATCHED"
"KGM SsangYong","Musso","kgm","musso","https://www.carexpert.com.au/kgm/musso","MATCHED"
"KGM SsangYong","Rexton","kgm","rexton","https://www.carexpert.com.au/kgm/rexton","MATCHED"
"KGM SsangYong","Torres","kgm","torres","https://www.carexpert.com.au/kgm/torres","MATCHED"
"KGM","Actyon","kgm","actyon","https://www.carexpert.com.au/kgm/actyon","MATCHED"
"KGM","Musso","kgm","musso","https://www.carexpert.com.au/kgm/musso","MATCHED"
"KGM","Rexton","kgm","rexton","https://www.carexpert.com.au/kgm/rexton","MATCHED"
"KIA","Carnival","kia","carnival","https://www.carexpert.com.au/kia/carnival","MATCHED"
"KIA","Cerato","kia","cerato","https://www.carexpert.com.au/kia/cerato","MATCHED"
"KIA","EV6","kia","ev6","https://www.carexpert.com.au/kia/ev6","MATCHED"
"KIA","K4","kia","k4","https://www.carexpert.com.au/kia/k4","MATCHED"
"KIA","Niro","kia","niro","https://www.carexpert.com.au/kia/niro","MATCHED"
"KIA","Picanto","kia","picanto","https://www.carexpert.com.au/kia/picanto","MATCHED"
"KIA","Seltos","kia","seltos","https://www.carexpert.com.au/kia/seltos","MATCHED"
"KIA","Sorento","kia","sorento","https://www.carexpert.com.au/kia/sorento","MATCHED"
"KIA","Sportage","kia","sportage","https://www.carexpert.com.au/kia/sportage","MATCHED"
"KIA","Stonic","kia","stonic","https://www.carexpert.com.au/kia/stonic","MATCHED"
"Kia","EV3","kia","ev3","https://www.carexpert.com.au/kia/ev3","MATCHED"
"Kia","EV5","kia","ev5","https://www.carexpert.com.au/kia/ev5","MATCHED"
"Kia","EV9","kia","ev9","https://www.carexpert.com.au/kia/ev9","MATCHED"
"Kia","Sportage","kia","sportage","https://www.carexpert.com.au/kia/sportage","MATCHED"
"Kia","Tasman","kia","tasman","https://www.carexpert.com.au/kia/tasman","MATCHED"
"LDV","D90","ldv","d90","https://www.carexpert.com.au/ldv/d90","MATCHED"
"LDV","Deliver 7","ldv","deliver-9","https://www.carexpert.com.au/ldv/deliver-9","MATCHED"
"LDV","Deliver 9","ldv","deliver-9","https://www.carexpert.com.au/ldv/deliver-9","MATCHED"
"LDV","ET60","ldv","et60","https://www.carexpert.com.au/ldv/et60","MATCHED"
"LDV","G10+","ldv","g10","https://www.carexpert.com.au/ldv/g10","MATCHED"
"LDV","MIFA","ldv","mifa","https://www.carexpert.com.au/ldv/mifa","MATCHED"
"LDV","MIFA 9","ldv","mifa","https://www.carexpert.com.au/ldv/mifa","MATCHED"
"LDV","T60 Max","ldv","t60","https://www.carexpert.com.au/ldv/t60","MATCHED"
"LDV","Terron 9","ldv","terron-9","https://www.carexpert.com.au/ldv/terron-9","MATCHED"
"LDV","eDeliver 7","ldv","edeliver-7","https://www.carexpert.com.au/ldv/edeliver-7","MATCHED"
"LDV","eDeliver 9","ldv","edeliver-7","https://www.carexpert.com.au/ldv/edeliver-7","MATCHED"
"Lamborghini","Huracan","lamborghini","huracan","https://www.carexpert.com.au/lamborghini/huracan","MATCHED"
"Lamborghini","Revuelto","lamborghini","revuelto","https://www.carexpert.com.au/lamborghini/revuelto","MATCHED"
"Lamborghini","Urus","lamborghini","urus","https://www.carexpert.com.au/lamborghini/urus","MATCHED"
"Land Rover","Defender","land-rover","defender","https://www.carexpert.com.au/land-rover/defender","MATCHED"
"Land Rover","Discovery","land-rover","discovery","https://www.carexpert.com.au/land-rover/discovery","MATCHED"
"Land Rover","Discovery Sport","land-rover","discovery-sport","https://www.carexpert.com.au/land-rover/discovery-sport","MATCHED"
"Land Rover","Range Rover","land-rover","range-rover","https://www.carexpert.com.au/land-rover/range-rover","MATCHED"
"Land Rover","Range Rover Evoque","land-rover","range-rover-evoque","https://www.carexpert.com.au/land-rover/range-rover-evoque","MATCHED"
"Land Rover","Range Rover Sport","land-rover","range-rover-sport","https://www.carexpert.com.au/land-rover/range-rover-sport","MATCHED"
"Land Rover","Range Rover Velar","land-rover","range-rover-velar","https://www.carexpert.com.au/land-rover/range-rover-velar","MATCHED"
"Leapmotor","C10","leapmotor","c10","https://www.carexpert.com.au/leapmotor/c10","MATCHED"
"Lexus","ES","lexus","es","https://www.carexpert.com.au/lexus/es","MATCHED"
"Lexus","GX","lexus","gx","https://www.carexpert.com.au/lexus/gx","MATCHED"
"Lexus","LBX","lexus","lbx","https://www.carexpert.com.au/lexus/lbx","MATCHED"
"Lexus","LC","lexus","lc","https://www.carexpert.com.au/lexus/lc","MATCHED"
"Lexus","LM","lexus","lm","https://www.carexpert.com.au/lexus/lm","MATCHED"
"Lexus","LS","lexus","ls","https://www.carexpert.com.au/lexus/ls","MATCHED"
"Lexus","LX","lexus","lx","https://www.carexpert.com.au/lexus/lx","MATCHED"
"Lexus","NX","lexus","nx","https://www.carexpert.com.au/lexus/nx","MATCHED"
"Lexus","RX","lexus","rx","https://www.carexpert.com.au/lexus/rx","MATCHED"
"Lexus","RZ","lexus","rz","https://www.carexpert.com.au/lexus/rz","MATCHED"
"Lexus","UX","lexus","ux","https://www.carexpert.com.au/lexus/ux","MATCHED"
"Lotus","Eletre","lotus","eletre","https://www.carexpert.com.au/lotus/eletre","MATCHED"
"Lotus","Emeya","lotus","emeya","https://www.carexpert.com.au/lotus/emeya","MATCHED"
"Lotus","Emira","lotus","emira","https://www.carexpert.com.au/lotus/emira","MATCHED"
"MG","Cyberster","mg","cyberster","https://www.carexpert.com.au/mg/cyberster","MATCHED"
"MG","MG HS","mg","mg3","https://www.carexpert.com.au/mg/mg3","MATCHED"
"MG","MG QS","mg","mg3","https://www.carexpert.com.au/mg/mg3","MATCHED"
"MG","MG ZS","mg","mg3","https://www.carexpert.com.au/mg/mg3","MATCHED"
"MG","MG ZST","mg","mg3","https://www.carexpert.com.au/mg/mg3","MATCHED"
"MG","MG3","mg","mg3","https://www.carexpert.com.au/mg/mg3","MATCHED"
"MG","MG4","mg","mg4","https://www.carexpert.com.au/mg/mg4","MATCHED"
"MG","MG5","mg","mg5","https://www.carexpert.com.au/mg/mg5","MATCHED"
"MG","S5","","","","UNMATCHED"
"MINI","Aceman","mini","aceman","https://www.carexpert.com.au/mini/aceman","MATCHED"
"MINI","Cooper","mini","cooper","https://www.carexpert.com.au/mini/cooper","MATCHED"
"MINI","Countryman","mini","countryman","https://www.carexpert.com.au/mini/countryman","MATCHED"
"Mahindra","Scorpio","mahindra","scorpio","https://www.carexpert.com.au/mahindra/scorpio","MATCHED"
"Mahindra","XUV 3XO","mahindra","xuv3xo","https://www.carexpert.com.au/mahindra/xuv3xo","MATCHED"
"Mahindra","XUV700","mahindra","xuv700","https://www.carexpert.com.au/mahindra/xuv700","MATCHED"
"Maserati","Ghibli","maserati","ghibli","https://www.carexpert.com.au/maserati/ghibli","MATCHED"
"Maserati","Grancabrio","maserati","grancabrio","https://www.carexpert.com.au/maserati/grancabrio","MATCHED"
"Maserati","Granturismo","maserati","granturismo","https://www.carexpert.com.au/maserati/granturismo","MATCHED"
"Maserati","Grecale","maserati","grecale","https://www.carexpert.com.au/maserati/grecale","MATCHED"
"Maserati","Levante","maserati","levante","https://www.carexpert.com.au/maserati/levante","MATCHED"
"Maserati","MC20","maserati","mc20","https://www.carexpert.com.au/maserati/mc20","MATCHED"
"Maserati","Quattroporte","maserati","quattroporte","https://www.carexpert.com.au/maserati/quattroporte","MATCHED"
"Mazda","BT-50","mazda","bt-50","https://www.carexpert.com.au/mazda/bt-50","MATCHED"
"Mazda","CX-3","mazda","cx-3","https://www.carexpert.com.au/mazda/cx-3","MATCHED"
"Mazda","CX-30","mazda","cx-30","https://www.carexpert.com.au/mazda/cx-30","MATCHED"
"Mazda","CX-5","mazda","cx-5","https://www.carexpert.com.au/mazda/cx-5","MATCHED"
"Mazda","CX-60","mazda","cx-60","https://www.carexpert.com.au/mazda/cx-60","MATCHED"
"Mazda","CX-70","mazda","cx-70","https://www.carexpert.com.au/mazda/cx-70","MATCHED"
"Mazda","CX-8","mazda","cx-8","https://www.carexpert.com.au/mazda/cx-8","MATCHED"
"Mazda","CX-80","mazda","cx-80","https://www.carexpert.com.au/mazda/cx-80","MATCHED"
"Mazda","CX-9","mazda","cx-9","https://www.carexpert.com.au/mazda/cx-9","MATCHED"
"Mazda","CX-90","mazda","cx-90","https://www.carexpert.com.au/mazda/cx-90","MATCHED"
"Mazda","MX-5","mazda","mx-5","https://www.carexpert.com.au/mazda/mx-5","MATCHED"
"Mazda","Mazda2","mazda","mazda2","https://www.carexpert.com.au/mazda/mazda2","MATCHED"
"Mazda","Mazda3","mazda","mazda3","https://www.carexpert.com.au/mazda/mazda3","MATCHED"
"Mazda","Mazda6","mazda","mazda6","https://www.carexpert.com.au/mazda/mazda6","MATCHED"
"McLaren","750S","mclaren","750s","https://www.carexpert.com.au/mclaren/750s","MATCHED"
"McLaren","Artura","mclaren","artura","https://www.carexpert.com.au/mclaren/artura","MATCHED"
"McLaren","GT","mclaren","mclaren-gt","https://www.carexpert.com.au/mclaren/mclaren-gt","MATCHED"
"McLaren","GTS","","","","UNMATCHED"
"Mercedes-Benz","A-Class","mercedes-benz","a-class","https://www.carexpert.com.au/mercedes-benz/a-class","MATCHED"
"Mercedes-Benz","AMG GT","mercedes-amg","gt","https://www.carexpert.com.au/mercedes-amg/gt","UNMATCHED"
"Mercedes-Benz","C-Class","mercedes-benz","c-class","https://www.carexpert.com.au/mercedes-benz/c-class","MATCHED"
"Mercedes-Benz","CLA","mercedes-benz","cla","https://www.carexpert.com.au/mercedes-benz/cla","MATCHED"
"Mercedes-Benz","CLE","mercedes-amg","amg-cle","https://www.carexpert.com.au/mercedes-amg/amg-cle","MATCHED"
"Mercedes-Benz","E-Class","mercedes-benz","e-class","https://www.carexpert.com.au/mercedes-benz/e-class","MATCHED"
"Mercedes-Benz","EQA","mercedes-benz","eqa","https://www.carexpert.com.au/mercedes-benz/eqa","MATCHED"
"Mercedes-Benz","EQB","mercedes-benz","eqb","https://www.carexpert.com.au/mercedes-benz/eqb","MATCHED"
"Mercedes-Benz","EQE","mercedes-benz","eqe","https://www.carexpert.com.au/mercedes-benz/eqe","MATCHED"
"Mercedes-Benz","EQS","mercedes-benz","eqs","https://www.carexpert.com.au/mercedes-benz/eqs","MATCHED"
"Mercedes-Benz","EQV","mercedes-benz","eqv","https://www.carexpert.com.au/mercedes-benz/eqv","MATCHED"
"Mercedes-Benz","G-class","mercedes-benz","g","https://www.carexpert.com.au/mercedes-benz/g","MATCHED"
"Mercedes-Benz","GLA","mercedes-benz","gla","https://www.carexpert.com.au/mercedes-benz/gla","MATCHED"
"Mercedes-Benz","GLB","mercedes-benz","glb","https://www.carexpert.com.au/mercedes-benz/glb","MATCHED"
"Mercedes-Benz","GLC","mercedes-benz","glc","https://www.carexpert.com.au/mercedes-benz/glc","MATCHED"
"Mercedes-Benz","GLC Coupe","mercedes-benz","glc","https://www.carexpert.com.au/mercedes-benz/glc","MATCHED"
"Mercedes-Benz","GLE","mercedes-benz","gle","https://www.carexpert.com.au/mercedes-benz/gle","MATCHED"
"Mercedes-Benz","GLE Coupe","mercedes-benz","gle","https://www.carexpert.com.au/mercedes-benz/gle","MATCHED"
"Mercedes-Benz","GLS","mercedes-benz","gls","https://www.carexpert.com.au/mercedes-benz/gls","MATCHED"
"Mercedes-Benz","S-Class","mercedes-benz","s-class","https://www.carexpert.com.au/mercedes-benz/s-class","MATCHED"
"Mercedes-Benz","SL","mercedes-benz","sl","https://www.carexpert.com.au/mercedes-benz/sl","MATCHED"
"Mercedes-Benz","Sprinter","mercedes-benz","sprinter","https://www.carexpert.com.au/mercedes-benz/sprinter","MATCHED"
"Mercedes-Benz","V-Class","mercedes-benz","v","https://www.carexpert.com.au/mercedes-benz/v","MATCHED"
"Mercedes-Benz","Vito","mercedes-benz","vito","https://www.carexpert.com.au/mercedes-benz/vito","MATCHED"
"Mercedes-Benz","Vito Tourer","mercedes-benz","vito-tourer","https://www.carexpert.com.au/mercedes-benz/vito-tourer","MATCHED"
"Mercedes-Benz","eSprinter","mercedes-benz","sprinter","https://www.carexpert.com.au/mercedes-benz/sprinter","UNMATCHED"
"Mercedes-Benz","eVito","mercedes-benz","vito","https://www.carexpert.com.au/mercedes-benz/vito","UNMATCHED"
"Mitsubishi","ASX","mitsubishi","asx","https://www.carexpert.com.au/mitsubishi/asx","MATCHED"
"Mitsubishi","Eclipse Cross","mitsubishi","eclipse-cross","https://www.carexpert.com.au/mitsubishi/eclipse-cross","MATCHED"
"Mitsubishi","Outlander","mitsubishi","outlander","https://www.carexpert.com.au/mitsubishi/outlander","MATCHED"
"Mitsubishi","Outlander PHEV","mitsubishi","outlander","https://www.carexpert.com.au/mitsubishi/outlander","MATCHED"
"Mitsubishi","Pajero Sport","mitsubishi","pajero-sport","https://www.carexpert.com.au/mitsubishi/pajero-sport","MATCHED"
"Mitsubishi","Triton","mitsubishi","triton","https://www.carexpert.com.au/mitsubishi/triton","MATCHED"
"Nissan","Ariya","nissan","ariya","https://www.carexpert.com.au/nissan/ariya","MATCHED"
"Nissan","Juke","nissan","juke","https://www.carexpert.com.au/nissan/juke","MATCHED"
"Nissan","Leaf","nissan","leaf","https://www.carexpert.com.au/nissan/leaf","MATCHED"
"Nissan","Navara","nissan","navara","https://www.carexpert.com.au/nissan/navara","MATCHED"
"Nissan","Pathfinder","nissan","pathfinder","https://www.carexpert.com.au/nissan/pathfinder","MATCHED"
"Nissan","Patrol","nissan","patrol","https://www.carexpert.com.au/nissan/patrol","MATCHED"
"Nissan","Qashqai","nissan","qashqai","https://www.carexpert.com.au/nissan/qashqai","MATCHED"
"Nissan","X-TRAIL","nissan","x-trail","https://www.carexpert.com.au/nissan/x-trail","MATCHED"
"Nissan","Z","nissan","z","https://www.carexpert.com.au/nissan/z","MATCHED"
"Omoda","9","omoda","9","https://www.carexpert.com.au/omoda/9","MATCHED"
"Peugeot","2008","peugeot","2008","https://www.carexpert.com.au/peugeot/2008","MATCHED"
"Peugeot","3008","peugeot","3008","https://www.carexpert.com.au/peugeot/3008","MATCHED"
"Peugeot","308","peugeot","308","https://www.carexpert.com.au/peugeot/308","MATCHED"
"Peugeot","408","peugeot","408","https://www.carexpert.com.au/peugeot/408","MATCHED"
"Peugeot","5008","peugeot","5008","https://www.carexpert.com.au/peugeot/5008","MATCHED"
"Peugeot","508","peugeot","508","https://www.carexpert.com.au/peugeot/508","MATCHED"
"Peugeot","Boxer","peugeot","boxer","https://www.carexpert.com.au/peugeot/boxer","MATCHED"
"Peugeot","E-2008","peugeot","expert","https://www.carexpert.com.au/peugeot/expert","MATCHED"
"Peugeot","Expert","peugeot","expert","https://www.carexpert.com.au/peugeot/expert","MATCHED"
"Peugeot","Partner","peugeot","partner","https://www.carexpert.com.au/peugeot/partner","MATCHED"
"Peugeot","e-Expert","peugeot","expert","https://www.carexpert.com.au/peugeot/expert","MATCHED"
"Peugeot","e-Partner","peugeot","expert","https://www.carexpert.com.au/peugeot/expert","MATCHED"
"Polestar","2","polestar","polestar2","https://www.carexpert.com.au/polestar/polestar2","MATCHED"
"Polestar","3","polestar","polestar3","https://www.carexpert.com.au/polestar/polestar3","MATCHED"
"Polestar","4","polestar","polestar4","https://www.carexpert.com.au/polestar/polestar4","MATCHED"
"Porsche","718","porsche","718","https://www.carexpert.com.au/porsche/718","MATCHED"
"Porsche","911","porsche","911","https://www.carexpert.com.au/porsche/911","MATCHED"
"Porsche","Cayenne","porsche","cayenne","https://www.carexpert.com.au/porsche/cayenne","MATCHED"
"Porsche","Cayenne Coupe","porsche","cayenne","https://www.carexpert.com.au/porsche/cayenne","MATCHED"
"Porsche","Macan","porsche","macan","https://www.carexpert.com.au/porsche/macan","MATCHED"
"Porsche","Panamera","porsche","panamera","https://www.carexpert.com.au/porsche/panamera","MATCHED"
"Porsche","Taycan","porsche","taycan","https://www.carexpert.com.au/porsche/taycan","MATCHED"
"RAM","1500","ram","1500","https://www.carexpert.com.au/ram/1500","MATCHED"
"RAM","2500","ram","2500","https://www.carexpert.com.au/ram/2500","MATCHED"
"RAM","3500","ram","3500","https://www.carexpert.com.au/ram/3500","MATCHED"
"Renault","Arkana","renault","arkana","https://www.carexpert.com.au/renault/arkana","MATCHED"
"Renault","Duster","renault","duster","https://www.carexpert.com.au/renault/duster","MATCHED"
"Renault","Kangoo","renault","kangoo","https://www.carexpert.com.au/renault/kangoo","MATCHED"
"Renault","Koleos","renault","koleos","https://www.carexpert.com.au/renault/koleos","MATCHED"
"Renault","Master","renault","master","https://www.carexpert.com.au/renault/master","MATCHED"
"Renault","Megane E-Tech","renault","megane-e-tech","https://www.carexpert.com.au/renault/megane-e-tech","MATCHED"
"Renault","Trafic","renault","trafic","https://www.carexpert.com.au/renault/trafic","MATCHED"
"Rolls-Royce","Spectre","rolls-royce","spectre","https://www.carexpert.com.au/rolls-royce/spectre","MATCHED"
"Skoda","ElROQ","skoda","elroq","https://www.carexpert.com.au/skoda/elroq","MATCHED"
"Skoda","Enyaq Coupe","skoda","enyaq","https://www.carexpert.com.au/skoda/enyaq","MATCHED"
"Skoda","Fabia","skoda","fabia","https://www.carexpert.com.au/skoda/fabia","MATCHED"
"Skoda","Kamiq","skoda","kamiq","https://www.carexpert.com.au/skoda/kamiq","MATCHED"
"Skoda","Karoq","skoda","karoq","https://www.carexpert.com.au/skoda/karoq","MATCHED"
"Skoda","Kodiaq","skoda","kodiaq","https://www.carexpert.com.au/skoda/kodiaq","MATCHED"
"Skoda","Octavia","skoda","octavia","https://www.carexpert.com.au/skoda/octavia","MATCHED"
"Skoda","Scala","skoda","scala","https://www.carexpert.com.au/skoda/scala","MATCHED"
"Skoda","Superb","skoda","superb","https://www.carexpert.com.au/skoda/superb","MATCHED"
"Skywell","EC11","","","","UNMATCHED"
"Skywell","Skyworth BE11","","","","UNMATCHED"
"Subaru","BRZ","subaru","brz","https://www.carexpert.com.au/subaru/brz","MATCHED"
"Subaru","Crosstrek","subaru","crosstrek","https://www.carexpert.com.au/subaru/crosstrek","MATCHED"
"Subaru","Forester","subaru","forester","https://www.carexpert.com.au/subaru/forester","MATCHED"
"Subaru","Impreza","subaru","impreza","https://www.carexpert.com.au/subaru/impreza","MATCHED"
"Subaru","Outback","subaru","outback","https://www.carexpert.com.au/subaru/outback","MATCHED"
"Subaru","Solterra","subaru","solterra","https://www.carexpert.com.au/subaru/solterra","MATCHED"
"Subaru","WRX","subaru","wrx","https://www.carexpert.com.au/subaru/wrx","MATCHED"
"Suzuki","Fronx","suzuki","fronx","https://www.carexpert.com.au/suzuki/fronx","MATCHED"
"Suzuki","Ignis","suzuki","ignis","https://www.carexpert.com.au/suzuki/ignis","MATCHED"
"Suzuki","Jimny","suzuki","jimny","https://www.carexpert.com.au/suzuki/jimny","MATCHED"
"Suzuki","S-Cross","suzuki","s-cross","https://www.carexpert.com.au/suzuki/s-cross","MATCHED"
"Suzuki","Swift","suzuki","swift","https://www.carexpert.com.au/suzuki/swift","MATCHED"
"Suzuki","Vitara","suzuki","vitara","https://www.carexpert.com.au/suzuki/vitara","MATCHED"
"Tembo","Tusker","","","","UNMATCHED"
"Tesla","Model 3","tesla","model-3","https://www.carexpert.com.au/tesla/model-3","MATCHED"
"Tesla","Model Y","tesla","model-y","https://www.carexpert.com.au/tesla/model-y","MATCHED"
"Toyota","C-HR","toyota","c-hr","https://www.carexpert.com.au/toyota/c-hr","MATCHED"
"Toyota","Camry","toyota","camry","https://www.carexpert.com.au/toyota/camry","MATCHED"
"Toyota","Corolla","toyota","corolla","https://www.carexpert.com.au/toyota/corolla","MATCHED"
"Toyota","Corolla Cross","toyota","corolla-cross","https://www.carexpert.com.au/toyota/corolla-cross","MATCHED"
"Toyota","Fortuner","toyota","fortuner","https://www.carexpert.com.au/toyota/fortuner","MATCHED"
"Toyota","GR Yaris","toyota","gr86","https://www.carexpert.com.au/toyota/gr86","MATCHED"
"Toyota","GR86","toyota","gr86","https://www.carexpert.com.au/toyota/gr86","MATCHED"
"Toyota","Gr Supra","toyota","gr86","https://www.carexpert.com.au/toyota/gr86","MATCHED"
"Toyota","HiAce","toyota","hiace","https://www.carexpert.com.au/toyota/hiace","MATCHED"
"Toyota","Hilux","toyota","hilux","https://www.carexpert.com.au/toyota/hilux","MATCHED"
"Toyota","Kluger","toyota","kluger","https://www.carexpert.com.au/toyota/kluger","MATCHED"
"Toyota","LandCruiser 300","toyota","landcruiser","https://www.carexpert.com.au/toyota/landcruiser","MATCHED"
"Toyota","LandCruiser 70","toyota","landcruiser","https://www.carexpert.com.au/toyota/landcruiser","MATCHED"
"Toyota","LandCruiser Prado","toyota","landcruiser-prado","https://www.carexpert.com.au/toyota/landcruiser-prado","MATCHED"
"Toyota","RAV4","toyota","rav4","https://www.carexpert.com.au/toyota/rav4","MATCHED"
"Toyota","Tundra","toyota","tundra","https://www.carexpert.com.au/toyota/tundra","MATCHED"
"Toyota","Yaris","toyota","yaris","https://www.carexpert.com.au/toyota/yaris","MATCHED"
"Toyota","Yaris Cross","toyota","yaris-cross","https://www.carexpert.com.au/toyota/yaris-cross","MATCHED"
"Toyota","bZ4X","toyota","bz4x","https://www.carexpert.com.au/toyota/bz4x","MATCHED"
"VOLVO","EX30","volvo","ex30","https://www.carexpert.com.au/volvo/ex30","MATCHED"
"Volkswagen","Amarok","volkswagen","amarok","https://www.carexpert.com.au/volkswagen/amarok","MATCHED"
"Volkswagen","Caddy","volkswagen","caddy","https://www.carexpert.com.au/volkswagen/caddy","MATCHED"
"Volkswagen","Caddy Cargo","volkswagen","caddy","https://www.carexpert.com.au/volkswagen/caddy","MATCHED"
"Volkswagen","Caddy Van","volkswagen","caddy","https://www.carexpert.com.au/volkswagen/caddy","MATCHED"
"Volkswagen","California","","","","UNMATCHED"
"Volkswagen","Caravelle","volkswagen","caravelle","https://www.carexpert.com.au/volkswagen/caravelle","MATCHED"
"Volkswagen","Crafter","volkswagen","crafter","https://www.carexpert.com.au/volkswagen/crafter","MATCHED"
"Volkswagen","Golf","volkswagen","golf","https://www.carexpert.com.au/volkswagen/golf","MATCHED"
"Volkswagen","ID.4","volkswagen","id-4","https://www.carexpert.com.au/volkswagen/id-4","UNMATCHED"
"Volkswagen","ID.5","volkswagen","id-5","https://www.carexpert.com.au/volkswagen/id-5","UNMATCHED"
"Volkswagen","ID.BUZZ","volkswagen","id-buzz","https://www.carexpert.com.au/volkswagen/id-buzz","UNMATCHED"
"Volkswagen","Multivan","volkswagen","multivan","https://www.carexpert.com.au/volkswagen/multivan","MATCHED"
"Volkswagen","Polo","volkswagen","polo","https://www.carexpert.com.au/volkswagen/polo","MATCHED"
"Volkswagen","T-Cross","volkswagen","t-cross","https://www.carexpert.com.au/volkswagen/t-cross","MATCHED"
"Volkswagen","T-Roc","volkswagen","t-roc","https://www.carexpert.com.au/volkswagen/t-roc","MATCHED"
"Volkswagen","Tayron","volkswagen","tayron","https://www.carexpert.com.au/volkswagen/tayron","MATCHED"
"Volkswagen","Tiguan","volkswagen","tiguan","https://www.carexpert.com.au/volkswagen/tiguan","MATCHED"
"Volkswagen","Tiguan Allspace","volkswagen","tiguan","https://www.carexpert.com.au/volkswagen/tiguan","MATCHED"
"Volkswagen","Touareg","volkswagen","touareg","https://www.carexpert.com.au/volkswagen/touareg","MATCHED"
"Volkswagen","Transporter","volkswagen","transporter","https://www.carexpert.com.au/volkswagen/transporter","MATCHED"
"Volvo","C40","volvo","c40","https://www.carexpert.com.au/volvo/c40","MATCHED"
"Volvo","EX40","","","","UNMATCHED"
"Volvo","EX90","volvo","ex90","https://www.carexpert.com.au/volvo/ex90","MATCHED"
"Volvo","S60","volvo","s60","https://www.carexpert.com.au/volvo/s60","MATCHED"
"Volvo","V60 Cross Country","volvo","v60","https://www.carexpert.com.au/volvo/v60","MATCHED"
"Volvo","XC40","volvo","xc40","https://www.carexpert.com.au/volvo/xc40","MATCHED"
"Volvo","XC60","volvo","xc60","https://www.carexpert.com.au/volvo/xc60","MATCHED"
"Volvo","XC90","volvo","xc90","https://www.carexpert.com.au/volvo/xc90","MATCHED"
"Xpeng","G6","xpeng","g6","https://www.carexpert.com.au/xpeng/g6","MATCHED"
"Zeekr","009","zeekr","009","https://www.carexpert.com.au/zeekr/009","MATCHED"
"Zeekr","7X","zeekr","7x","https://www.carexpert.com.au/zeekr/7x","MATCHED"
"Zeekr","X","zeekr","x","https://www.carexpert.com.au/zeekr/x","MATCHED"
"smart","#1","smart","1","https://www.carexpert.com.au/smart/1","MATCHED"
"smart","#3","smart","3","https://www.carexpert.com.au/smart/3","MATCHED"